{
    "meta": {
        "version": 0,
        "uid": "456465168",
        "name": "test category",
        "description": "the description of the category in string",
        "language": "en",
        "difficulty": 0,
        "xp_minimum": 0,
        "xp_modifier": 1,
        "author": "vortoj@example.org",
        "community": false,
        "approved": false,
        "approved_by": "",
        "date_created": "2022-05-03T16:41:05.921Z",
        "date_modified": "2022-05-03T16:41:05.921Z"
    },
    "data": [
        {
            "sentence": "Football is often played by a *.",
            "correct_answer": [
                "football player"
            ],
            "wrong_answer": [
                "tennis racket",
                "helping hand",
                "happiness",
                "cat"
            ],
            "incorrect_spelling": "footbal player",
            "image": "FootballPlayer.png",
            "audio": "FootballPlayer.wav"
        },
        {
            "sentence": "Many people own a *, not many use it though.",
            "correct_answer": [
                "car"
            ],
            "wrong_answer": [
                "laptop",
                "wallet",
                "tree",
                "walk"
            ],
            "incorrect_spelling": "caaaar",
            "image": "Car.png",
            "audio": "Car.wav"
        },
        {
            "sentence": "Have you ever climbed a *? Coconuts can be found there.",
            "correct_answer": [
                "palm tree"
            ],
            "wrong_answer": [
                "island",
                "building",
                "pavement",
                "drainage"
            ],
            "incorrect_spelling": "palm trii",
            "image": "palm-tree.png",
            "audio": "PalmTree.wav"
        }
    ]
}
